{"cameraMode":{"drawMode":0,"name":"Shaded","section":"Shading Mode"},"sceneLighting":false,"audioPlay":false,"sceneViewState":{"showFog":true,"showMaterialUpdate":false,"showSkybox":false,"showFlares":true,"showImageEffects":true,"showParticleSystems":true},"in2DMode":false,"pivot":{"x":12.118782043457032,"y":3.1367008686065676,"z":-13.942842483520508},"rotation":{"x":0.12804675102233888,"y":-0.2706693410873413,"z":0.036351192742586139,"w":0.9534258246421814},"size":7.704272270202637,"orthographic":false}