{"cameraMode":{"drawMode":0,"name":"Shaded","section":"Shading Mode"},"sceneLighting":false,"audioPlay":false,"sceneViewState":{"showFog":true,"showMaterialUpdate":false,"showSkybox":false,"showFlares":true,"showImageEffects":true,"showParticleSystems":true},"in2DMode":false,"pivot":{"x":18.432538986206056,"y":4.680668830871582,"z":14.748613357543946},"rotation":{"x":0.18971873819828034,"y":-0.5537171959877014,"z":0.13129551708698274,"w":0.8001035451889038},"size":7.19440221786499,"orthographic":false}