{"cameraMode":{"drawMode":0,"name":"Shaded","section":"Shading Mode"},"sceneLighting":false,"audioPlay":false,"sceneViewState":{"showFog":true,"showMaterialUpdate":false,"showSkybox":false,"showFlares":true,"showImageEffects":true,"showParticleSystems":true},"in2DMode":false,"pivot":{"x":16.463088989257814,"y":-7.2255330085754398,"z":22.112171173095704},"rotation":{"x":0.19474343955516816,"y":0.5444971323013306,"z":-0.13170066475868226,"w":0.8051415085792542},"size":31.436723709106447,"orthographic":false}