{"cameraMode":{"drawMode":0,"name":"Shaded","section":"Shading Mode"},"sceneLighting":true,"audioPlay":false,"sceneViewState":{"showFog":true,"showMaterialUpdate":false,"showSkybox":true,"showFlares":true,"showImageEffects":true,"showParticleSystems":true},"in2DMode":false,"pivot":{"x":7.185218811035156,"y":5.044798851013184,"z":-27.37291145324707},"rotation":{"x":0.02967466227710247,"y":0.026083577424287797,"z":0.0007745184702798724,"w":-0.9992190003395081},"size":6.415084362030029,"orthographic":false}