{"cameraMode":{"drawMode":0,"name":"Shaded","section":"Shading Mode"},"sceneLighting":false,"audioPlay":false,"sceneViewState":{"showFog":true,"showMaterialUpdate":false,"showSkybox":false,"showFlares":true,"showImageEffects":true,"showParticleSystems":true},"in2DMode":false,"pivot":{"x":14.319999694824219,"y":0.7049503326416016,"z":1.1920928955078126e-7},"rotation":{"x":0.10748075693845749,"y":-0.0023879206273704769,"z":-0.00025829082005657256,"w":-0.9942042827606201},"size":6.715190410614014,"orthographic":false}