{"cameraMode":{"drawMode":0,"name":"Shaded","section":"Shading Mode"},"sceneLighting":true,"audioPlay":false,"sceneViewState":{"showFog":true,"showMaterialUpdate":true,"showSkybox":true,"showFlares":true,"showImageEffects":true,"showParticleSystems":true},"in2DMode":false,"pivot":{"x":26.959325790405275,"y":3.2919650077819826,"z":-10.397956848144532},"rotation":{"x":-0.00047167285811156034,"y":0.9995280504226685,"z":0.020683536306023599,"w":0.022794580087065698},"size":10.0,"orthographic":false}